timestamp,check_id,category,severity,status,summary,recommendation
2026-08-31T07:50:00Z,SECRETS_WORKING_TREE,Information Disclosure,info,pass,"Grepped tracked files for API keys/tokens/private-key markers/hardcoded passwords; only incidental matches in UI copy, docs, and reference/skill content -- no real secrets found.",No action needed.
2026-08-31T07:50:00Z,SECRETS_GIT_HISTORY,Information Disclosure,info,pass,"Scanned full git log -p across all commits for the same secret patterns; none found, so no historical exposure either.",No action needed.
2026-08-31T07:50:00Z,GITIGNORE_COVERAGE,Defense in Depth,info,pass,".gitignore already excludes .env*, *.pem, *.key, credentials.json, id_rsa*, *.p12, *.pfx.",No action needed; revisit if new credential file types are introduced.
2026-08-31T07:50:00Z,GHA_WORKFLOW_PERMISSIONS,Elevation of Privilege,info,pass,".github/workflows/pages.yml scopes permissions to contents:read, pages:write, id-token:write only (least privilege); all actions/* steps pinned to version tags (v4/v5), not a mutable branch.",No action needed.
2026-08-31T07:50:00Z,CLIENT_SIDE_INNERHTML,Tampering,low,risk,"index.html builds FAQ items via wrapper.innerHTML using string concatenation. Currently safe -- the only data concatenated in (item.q/item.a) comes from a fixed, hardcoded in-source array, never from user input, URL params, or form fields -- so there is no exploitable XSS today.",Prefer textContent/DOM APIs over innerHTML string-building as defense-in-depth, so the pattern stays safe even if FAQ content is ever sourced dynamically later.
2026-08-31T07:50:00Z,THIRD_PARTY_RESOURCES,Supply Chain,info,pass,"No external <script src>, <link href> to a CDN, or fetch/XHR calls in index.html -- the zero-external-dependency requirement holds. Only outbound references are user-initiated wa.me links (WhatsApp widget), not loaded resources.",No action needed.
2026-08-31T07:50:00Z,MCP_DEPENDENCY_PINNING,Supply Chain,low,risk,".mcp.json runs npx @playwright/mcp@latest -- an unpinned version for a dev-tooling dependency (not shipped to site visitors, but still a moving target across sessions).",Pin to a specific @playwright/mcp version once a known-good one is confirmed, to avoid an unreviewed update silently changing behavior.
2026-08-31T07:50:00Z,PII_PUBLIC_EXPOSURE,Information Disclosure,low,risk,"index.html's WhatsApp widget publishes a real-format phone number (+65 9123 4567) on a public GitHub Pages site.",This was a deliberate, user-confirmed choice for this public demo (confirmed in-session before publishing) -- not an oversight. Revisit if the site's purpose changes from an internal training demo to something with a different audience.
2026-08-31T07:50:00Z,ANTI_ABUSE_CONTROL_LIMITS,Denial of Service,info,pass,"The ticket form's CAPTCHA and honeypot are client-side only and documented as such in the code's own comments -- readable/bypassable by anyone viewing source. This is an accepted limitation given the site has no backend to verify server-side, not a defect to remediate here.",No action needed for this project; would need a server-verified CAPTCHA (reCAPTCHA/hCaptcha/Turnstile) if real bot protection is ever required, which would require adding a backend.
2026-08-31T07:50:00Z,INSTALLED_SKILL_SCRIPT_SAFETY,Tampering,info,pass,"Re-scanned .agents/skills/*/scripts/*.py for subprocess/os.system/eval/exec/network calls on untrusted input -- none found (reference/data-lookup scripts only).",No action needed.
2026-08-31T07:50:00Z,SKILL_INTEGRITY_LOCKFILE,Tampering,info,n/a,"Attempted to verify skills-lock.json's recorded hashes against a plain SHA-256 of each SKILL.md; hashes did not match, but the lockfile's hashing scheme (e.g. whether it covers the whole skill directory rather than just SKILL.md) isn't documented here, so this can't be confirmed as tampering vs. a different hash algorithm.",Verify skill integrity using the actual `skills` CLI's own check/verify command (if it has one) rather than a manual SHA-256 comparison, to avoid a false read either way.
2026-08-31T07:50:00Z,OVERALL_HEALTH,Summary,low,HEALTHY,"11 checks run: 0 at medium/high/critical, 3 at low severity (innerHTML pattern, unpinned MCP dependency, published WhatsApp number -- the last being an accepted, user-confirmed choice), 8 pass/info. No risk rose to medium or above.",No notification sent (per scan rule: only medium+ risk triggers an email). Re-run after significant changes to index.html, workflows, or project tooling.
